time_hours,pwm_1,pwm_2,pwm_3,pwm_4,pwm_5,pwm_6,pwm_7,pwm_8,pwm_9,pwm_10,pwm_11,pwm_12,equipment_on,filtered_air_c,air_c,demand_w,pv_available_w,pv_used_w,pv_curtailed_w,load_w,battery_w,discharged_ah,thermal_score,allocation_fulfillment_1,allocation_fulfillment_2,allocation_fulfillment_3,allocation_fulfillment_4,allocation_fulfillment_5,allocation_fulfillment_6,allocation_fulfillment_7,allocation_fulfillment_8,allocation_fulfillment_9,allocation_fulfillment_10,allocation_fulfillment_11,allocation_fulfillment_12,installed_1,installed_2,installed_3,installed_4,installed_5,installed_6,installed_7,installed_8,installed_9,installed_10,installed_11,installed_12,total_effective_heat_w,unmet_heat_w,allocation_unmet_heat_w_1,allocation_unmet_heat_w_2,allocation_unmet_heat_w_3,allocation_unmet_heat_w_4,allocation_unmet_heat_w_5,allocation_unmet_heat_w_6,allocation_unmet_heat_w_7,allocation_unmet_heat_w_8,allocation_unmet_heat_w_9,allocation_unmet_heat_w_10,allocation_unmet_heat_w_11,allocation_unmet_heat_w_12,discharge_penalty,residuals,timestamp,soc_end
0.0,0.8206488219281608,0.8206488219281608,0.8042328372128132,1.0,0.9650830145875168,0.9650768621832986,0.999993488194192,1.0,0.9807754213287775,0.9807754213287775,0.9650830145875172,0.9650830145875172,1,-27.8,-27.8,133.18145601307737,5.8064,5.8064,0.0,181.46061501530897,175.65421501530898,3.252855833616833,0.9661878471993158,1.0,1.0,0.9999962594594594,0.828944233716439,1.0,0.9999936249999998,0.9394640138982384,0.9394701315452975,0.9999999999999999,0.9999999999999999,1.0,1.0,True,True,True,True,True,True,True,True,True,True,True,True,128.6783042721456,4.50315174093177,0.0,0.0,5.41489821177521e-05,3.714367828219128,0.0,6.921454745523192e-05,0.3943502007172839,0.39431034846573887,1.7763568394002505e-15,1.7763568394002505e-15,0.0,0.0,0.6505711667233667,"{""soc_lower"": -0.9256035812478737, ""soc_upper"": -0.02439641875212628, ""discharge_w"": -1264.345784984691, ""charge_w"": -895.654215015309, ""bus_w"": -18.539384984691026, ""service"": -22.133139461683697, ""service_oversupply"": -4.50315174093177}",2026-04-04T08:00:00+08:00,0.9756035812478737
0.2,0.8206488219281608,0.8206488219281608,0.8042328372128132,1.0,0.9650768621832986,0.9650830145875168,0.999993488194192,1.0,0.9807754213287775,0.9807754213287775,0.9650830145875172,0.9650830145875172,1,-27.8,-27.8,133.18145601307737,5.8064,5.8064,0.0,181.460615015309,175.654215015309,3.2528558336168336,0.9661878471993158,1.0,1.0,0.9999962594594594,0.828944233716439,0.9999936249999998,1.0,0.9394640138982384,0.9394701315452975,0.9999999999999999,0.9999999999999999,1.0,1.0,True,True,True,True,True,True,True,True,True,True,True,True,128.6783042721456,4.50315174093177,0.0,0.0,5.41489821177521e-05,3.714367828219128,6.921454745523192e-05,0.0,0.3943502007172839,0.39431034846573887,1.7763568394002505e-15,1.7763568394002505e-15,0.0,0.0,0.6505711667233668,"{""soc_lower"": -0.9012071624957474, ""soc_upper"": -0.04879283750425256, ""discharge_w"": -1264.345784984691, ""charge_w"": -895.654215015309, ""bus_w"": -18.539384984690997, ""service"": -22.133139461683697, ""service_oversupply"": -4.50315174093177}",2026-04-04T08:12:00+08:00,0.9512071624957474
0.4,0.8206488219281608,0.8206488219281608,0.8042328372128132,1.0,0.9650830145875168,0.9650768621832986,0.999993488194192,1.0,0.9807754213287775,0.9807754213287775,0.9650830145875172,0.9650830145875172,1,-27.8,-27.8,133.18145601307737,5.8064,5.8064,0.0,181.46061501530897,175.65421501530898,3.252855833616833,0.9661878471993158,1.0,1.0,0.9999962594594594,0.828944233716439,1.0,0.9999936249999998,0.9394640138982384,0.9394701315452975,0.9999999999999999,0.9999999999999999,1.0,1.0,True,True,True,True,True,True,True,True,True,True,True,True,128.6783042721456,4.50315174093177,0.0,0.0,5.41489821177521e-05,3.714367828219128,0.0,6.921454745523192e-05,0.3943502007172839,0.39431034846573887,1.7763568394002505e-15,1.7763568394002505e-15,0.0,0.0,0.6505711667233667,"{""soc_lower"": -0.8768107437436211, ""soc_upper"": -0.07318925625637884, ""discharge_w"": -1264.345784984691, ""charge_w"": -895.654215015309, ""bus_w"": -18.539384984691026, ""service"": -22.133139461683697, ""service_oversupply"": -4.50315174093177}",2026-04-04T08:24:00+08:00,0.9268107437436212
0.6000000000000001,0.8206488219281608,0.8206488219281608,0.8042328372128132,1.0,0.9650768621832986,0.9650830145875168,0.999993488194192,1.0,0.9807754213287775,0.9807754213287775,0.9650830145875172,0.9650830145875172,1,-27.8,-27.8,133.18145601307737,5.8064,5.8064,0.0,181.460615015309,175.654215015309,3.2528558336168336,0.9661878471993158,1.0,1.0,0.9999962594594594,0.828944233716439,0.9999936249999998,1.0,0.9394640138982384,0.9394701315452975,0.9999999999999999,0.9999999999999999,1.0,1.0,True,True,True,True,True,True,True,True,True,True,True,True,128.6783042721456,4.50315174093177,0.0,0.0,5.41489821177521e-05,3.714367828219128,6.921454745523192e-05,0.0,0.3943502007172839,0.39431034846573887,1.7763568394002505e-15,1.7763568394002505e-15,0.0,0.0,0.6505711667233668,"{""soc_lower"": -0.8524143249914948, ""soc_upper"": -0.09758567500850512, ""discharge_w"": -1264.345784984691, ""charge_w"": -895.654215015309, ""bus_w"": -18.539384984690997, ""service"": -22.133139461683697, ""service_oversupply"": -4.50315174093177}",2026-04-04T08:36:00+08:00,0.9024143249914949
0.8,0.8206488219281608,0.8206488219281608,0.8042328372128132,1.0,0.9650830145875168,0.9650768621832986,0.999993488194192,1.0,0.9807754213287775,0.9807754213287775,0.9650830145875172,0.9650830145875172,1,-27.8,-27.8,133.18145601307737,5.8064,5.8064,0.0,181.46061501530897,175.65421501530898,3.252855833616833,0.9661878471993158,1.0,1.0,0.9999962594594594,0.828944233716439,1.0,0.9999936249999998,0.9394640138982384,0.9394701315452975,0.9999999999999999,0.9999999999999999,1.0,1.0,True,True,True,True,True,True,True,True,True,True,True,True,128.6783042721456,4.50315174093177,0.0,0.0,5.41489821177521e-05,3.714367828219128,0.0,6.921454745523192e-05,0.3943502007172839,0.39431034846573887,1.7763568394002505e-15,1.7763568394002505e-15,0.0,0.0,0.6505711667233667,"{""soc_lower"": -0.8280179062393686, ""soc_upper"": -0.1219820937606314, ""discharge_w"": -1264.345784984691, ""charge_w"": -895.654215015309, ""bus_w"": -18.539384984691026, ""service"": -22.133139461683697, ""service_oversupply"": -4.50315174093177}",2026-04-04T08:48:00+08:00,0.8780179062393686
1.0,0.5169673967037163,0.5169673967037163,0.5066261537068864,0.7599420731544626,0.6079536585235701,0.6079497828189969,0.6705371233715847,0.6705330212621237,0.617839083865417,0.617839083865417,0.6079536585235703,0.6079536585235703,1,-27.3,-27.3,83.8976048762527,4.476400000000001,4.476400000000001,0.0,125.89264092087518,121.41624092087518,2.2484489059421326,0.9999987744856826,1.0,1.0,0.999996259459459,1.0,1.0,0.9999936249999999,1.0,0.9999938823529406,1.0,1.0,1.0,1.0,True,True,True,True,True,True,True,True,True,True,True,True,83.89750205853673,0.00010281771596964973,0.0,0.0,3.411112960094442e-05,0.0,0.0,4.360167644801294e-05,0.0,2.510490990115244e-05,0.0,0.0,0.0,0.0,0.44968978118842656,"{""soc_lower"": -0.8111545394448025, ""soc_upper"": -0.13884546055519742, ""discharge_w"": -1318.5837590791248, ""charge_w"": -841.4162409208752, ""bus_w"": -74.10735907912482, ""service"": -20.974298401347205, ""service_oversupply"": -0.00010281771596964973}",2026-04-04T09:00:00+08:00,0.8611545394448026
1.2000000000000002,0.5169673967037163,0.5169673967037163,0.5066261537068864,0.7599420731544626,0.6079497828189969,0.6079536585235701,0.6705330212621237,0.6705371233715847,0.617839083865417,0.617839083865417,0.6079536585235703,0.6079536585235703,1,-27.3,-27.3,83.8976048762527,4.476400000000001,4.476400000000001,0.0,125.89264092087518,121.41624092087518,2.2484489059421326,0.9999987744856826,1.0,1.0,0.999996259459459,1.0,0.9999936249999999,1.0,0.9999938823529406,1.0,1.0,1.0,1.0,1.0,True,True,True,True,True,True,True,True,True,True,True,True,83.89750205853673,0.00010281771596964973,0.0,0.0,3.411112960094442e-05,0.0,4.360167644801294e-05,0.0,2.510490990115244e-05,0.0,0.0,0.0,0.0,0.0,0.44968978118842656,"{""soc_lower"": -0.7942911726502365, ""soc_upper"": -0.15570882734976343, ""discharge_w"": -1318.5837590791248, ""charge_w"": -841.4162409208752, ""bus_w"": -74.10735907912482, ""service"": -20.974298401347205, ""service_oversupply"": -0.00010281771596964973}",2026-04-04T09:12:00+08:00,0.8442911726502366
1.4000000000000001,0.5169673967037163,0.5169673967037163,0.5066261537068864,0.7599420731544626,0.0,0.0,0.6705371233715847,0.6705330212621237,0.617839083865417,0.37965153392915385,0.6079536585235703,0.6079536585235703,1,-27.3,-27.3,83.8976048762527,4.476400000000001,4.476400000000001,0.0,103.36671340188394,98.89031340188394,1.831302100034888,0.7950517801403166,1.0,1.0,0.999996259459459,1.0,0.0,0.0,1.0,0.9999938823529406,1.0,0.6144828707726312,1.0,1.0,True,True,True,True,True,True,True,True,True,True,True,True,66.70294010637362,17.194664769879083,0.0,0.0,3.411112960094442e-05,0.0,6.8394786583901634,6.8394786583901634,0.0,2.510490990115244e-05,0.0,3.515648237059244,0.0,0.0,0.3662604200069776,"{""soc_lower"": -0.7805564068999749, ""soc_upper"": -0.1694435931000251, ""discharge_w"": -1341.109686598116, ""charge_w"": -818.890313401884, ""bus_w"": -96.63328659811606, ""service"": -3.7797364491840924, ""service_oversupply"": -17.194664769879083}",2026-04-04T09:24:00+08:00,0.8305564068999749
1.6,1.0,0.9999998141872497,1.0,1.0,0.0,0.0,0.0,0.0,0.617839083865417,0.011098673264017079,0.0,8.61557205447171e-06,1,-27.3,-27.3,83.8976048762527,4.476400000000001,4.476400000000001,0.0,88.32100718959589,83.84460718959589,1.5526779109184423,0.7500000000119192,1.0,1.0,1.0,1.0,0.0,0.0,0.0,0.0,1.0,0.01796369565126878,0.0,1.4171428913504411e-05,True,True,True,True,True,True,True,True,True,True,True,True,62.92320365818952,20.97440121806318,0.0,0.0,0.0,0.0,6.8394786583901634,6.8394786583901634,4.103687195034098,4.103687195034098,0.0,8.955488460476662,5.92754817060481,5.927464168777279,0.3105355821836885,"{""soc_lower"": -0.7689113225680866, ""soc_upper"": -0.18108867743191337, ""discharge_w"": -1356.155392810404, ""charge_w"": -803.8446071895959, ""bus_w"": -111.67899281040411, ""service"": -9.999965300266922e-10, ""service_oversupply"": -20.97440121806318}",2026-04-04T09:36:00+08:00,0.8189113225680866
1.8,1.0,1.0,1.0,1.0,0.0,0.0,0.0,0.0,0.617839083865417,0.011104253410264529,0.0,0.0,1,-27.3,-27.3,83.8976048762527,4.476400000000001,4.476400000000001,0.0,88.32098007096226,83.84458007096227,1.5526774087215234,0.7500000000119137,1.0,1.0,1.0,1.0,0.0,0.0,0.0,0.0,1.0,0.01797272736582549,0.0,0.0,True,True,True,True,True,True,True,True,True,True,True,True,62.92320365818906,20.97440121806364,0.0,0.0,0.0,0.0,6.8394786583901634,6.8394786583901634,4.103687195034098,4.103687195034098,0.0,8.95540609751805,5.92754817060481,5.92754817060481,0.3105354817443047,"{""soc_lower"": -0.7572662420026751, ""soc_upper"": -0.19273375799732484, ""discharge_w"": -1356.1554199290376, ""charge_w"": -803.8445800709623, ""bus_w"": -111.67901992903774, ""service"": -9.995346772484481e-10, ""service_oversupply"": -20.97440121806364}",2026-04-04T09:48:00+08:00,0.8072662420026752
