time_hours,soc,battery_c,timestamp
0.0,1.0,20.0,2026-04-04T08:00:00+08:00
0.2,0.9787431648791299,20.190266162972147,2026-04-04T08:12:00+08:00
0.4,0.9574863297582599,20.374693420658463,2026-04-04T08:24:00+08:00
0.6000000000000001,0.9362294946373898,20.553460957914545,2026-04-04T08:36:00+08:00
0.8,0.9149726595165197,20.72674246075487,2026-04-04T08:48:00+08:00
1.0,0.8937158243956497,20.894706285101734,2026-04-04T09:00:00+08:00
1.2000000000000002,0.8789950454521592,21.072859665756575,2026-04-04T09:12:00+08:00
1.4000000000000001,0.8642742665086688,21.2455458592892,2026-04-04T09:24:00+08:00
1.6,0.8495534875651783,21.412932643234456,2026-04-04T09:36:00+08:00
1.8,0.8348327086216879,21.57518264635495,2026-04-04T09:48:00+08:00
2.0,0.8201119296781975,21.732453506647065,2026-04-04T10:00:00+08:00
2.2,0.8053563174013736,21.884898024498032,2026-04-04T10:12:00+08:00
2.4000000000000004,0.7906007051245497,22.032664311142927,2026-04-04T10:24:00+08:00
2.6,0.7758450928477258,22.175895932565798,2026-04-04T10:36:00+08:00
2.8000000000000003,0.761089480570902,22.31473204898473,2026-04-04T10:48:00+08:00
3.0,0.7463338682940781,22.449307550056407,2026-04-04T11:00:00+08:00
3.2,0.7316003059837183,22.582821995011674,2026-04-04T11:12:00+08:00
3.4000000000000004,0.7168667436733585,22.712239136556782,2026-04-04T11:24:00+08:00
3.6,0.7021331813629986,22.83768471311082,2026-04-04T11:36:00+08:00
3.8000000000000003,0.6873996190526388,22.95928060442087,2026-04-04T11:48:00+08:00
4.0,0.672666056742279,23.077144949977246,2026-04-04T12:00:00+08:00
4.2,0.657911568207907,23.19446107287507,2026-04-04T12:12:00+08:00
4.4,0.643157079673535,23.308176987940875,2026-04-04T12:24:00+08:00
4.6000000000000005,0.628402591139163,23.41840317867951,2026-04-04T12:36:00+08:00
4.800000000000001,0.613648102604791,23.525246738068006,2026-04-04T12:48:00+08:00
5.0,0.598893614070419,23.628811472604383,2026-04-04T13:00:00+08:00
5.2,0.5881420307853921,23.72612919408323,2026-04-04T13:12:00+08:00
5.4,0.5773904475003652,23.820460420488697,2026-04-04T13:24:00+08:00
5.6000000000000005,0.5666388642153383,23.91189680165277,2026-04-04T13:36:00+08:00
5.800000000000001,0.5558872809303114,24.00052717484908,2026-04-04T13:48:00+08:00
6.0,0.5451356976452845,24.086437651104927,2026-04-04T14:00:00+08:00
6.2,0.5341928265768573,24.172780507944793,2026-04-04T14:12:00+08:00
6.4,0.523758546044678,24.256473667353855,2026-04-04T14:24:00+08:00
6.6000000000000005,0.5133242655125009,24.33759844348747,2026-04-04T14:36:00+08:00
6.800000000000001,0.5028899849803203,24.416233655124806,2026-04-04T14:48:00+08:00
7.0,0.49245570444814135,24.492455702247184,2026-04-04T15:00:00+08:00
7.2,0.4796875403453256,24.572476258426754,2026-04-04T15:12:00+08:00
7.4,0.46933337548975246,24.65004113651226,2026-04-04T15:24:00+08:00
7.6000000000000005,0.4589792168147948,24.725225696576036,2026-04-04T15:36:00+08:00
7.800000000000001,0.4486250581398376,24.79810298603367,2026-04-04T15:48:00+08:00
8.0,0.4382708994648796,24.868743810615026,2026-04-04T16:00:00+08:00
