timestamp,sample_duration_hours,semantics,reference_rating_w,pv_power_w,global_tilted_irradiance_w_m2,shortwave_radiation_w_m2,direct_radiation_w_m2,diffuse_radiation_w_m2
2025-12-31T00:00:00+08:00,1.0,interval_end_mean,100.0,0.0,0.0,0.0,0.0,0.0
2025-12-31T01:00:00+08:00,1.0,interval_end_mean,100.0,0.0,0.0,0.0,0.0,0.0
2025-12-31T02:00:00+08:00,1.0,interval_end_mean,100.0,0.0,0.0,0.0,0.0,0.0
2025-12-31T03:00:00+08:00,1.0,interval_end_mean,100.0,0.0,0.0,0.0,0.0,0.0
2025-12-31T04:00:00+08:00,1.0,interval_end_mean,100.0,0.0,0.0,0.0,0.0,0.0
2025-12-31T05:00:00+08:00,1.0,interval_end_mean,100.0,0.0,0.0,0.0,0.0,0.0
2025-12-31T06:00:00+08:00,1.0,interval_end_mean,100.0,0.0,0.0,0.0,0.0,0.0
2025-12-31T07:00:00+08:00,1.0,interval_end_mean,100.0,0.0,0.0,0.0,0.0,0.0
2025-12-31T08:00:00+08:00,1.0,interval_end_mean,100.0,4.4079999999999995,46.4,18.0,6.0,12.0
2025-12-31T09:00:00+08:00,1.0,interval_end_mean,100.0,21.1945,223.1,114.0,52.0,62.0
2025-12-31T10:00:00+08:00,1.0,interval_end_mean,100.0,43.56700000000001,458.6,237.0,155.0,82.0
2025-12-31T11:00:00+08:00,1.0,interval_end_mean,100.0,57.4465,604.7,322.0,232.0,90.0
2025-12-31T12:00:00+08:00,1.0,interval_end_mean,100.0,62.5195,658.1,356.0,261.0,95.0
2025-12-31T13:00:00+08:00,1.0,interval_end_mean,100.0,59.337,624.6,334.0,243.0,91.0
2025-12-31T14:00:00+08:00,1.0,interval_end_mean,100.0,48.6305,511.9,262.0,183.0,79.0
2025-12-31T15:00:00+08:00,1.0,interval_end_mean,100.0,29.298,308.4,147.0,86.0,61.0
2025-12-31T16:00:00+08:00,1.0,interval_end_mean,100.0,8.3315,87.7,33.0,14.0,19.0
2025-12-31T17:00:00+08:00,1.0,interval_end_mean,100.0,0.0,0.0,0.0,0.0,0.0
2025-12-31T18:00:00+08:00,1.0,interval_end_mean,100.0,0.0,0.0,0.0,0.0,0.0
2025-12-31T19:00:00+08:00,1.0,interval_end_mean,100.0,0.0,0.0,0.0,0.0,0.0
2025-12-31T20:00:00+08:00,1.0,interval_end_mean,100.0,0.0,0.0,0.0,0.0,0.0
2025-12-31T21:00:00+08:00,1.0,interval_end_mean,100.0,0.0,0.0,0.0,0.0,0.0
2025-12-31T22:00:00+08:00,1.0,interval_end_mean,100.0,0.0,0.0,0.0,0.0,0.0
2025-12-31T23:00:00+08:00,1.0,interval_end_mean,100.0,0.0,0.0,0.0,0.0,0.0
