datetime,pv_power_watts,global_tilted_irradiance,shortwave_radiation,direct_radiation,diffuse_radiation
2025-12-01 00:00:00,0.0,0.0,0.0,0.0,0.0
2025-12-01 01:00:00,0.0,0.0,0.0,0.0,0.0
2025-12-01 02:00:00,0.0,0.0,0.0,0.0,0.0
2025-12-01 03:00:00,0.0,0.0,0.0,0.0,0.0
2025-12-01 04:00:00,0.0,0.0,0.0,0.0,0.0
2025-12-01 05:00:00,0.0,0.0,0.0,0.0,0.0
2025-12-01 06:00:00,0.0,0.0,0.0,0.0,0.0
2025-12-01 07:00:00,0.0,0.0,0.0,0.0,0.0
2025-12-01 08:00:00,13.879499999999998,146.1,46.0,22.0,24.0
2025-12-01 09:00:00,37.278,392.4,163.0,103.0,60.0
2025-12-01 10:00:00,56.734,597.2,272.0,196.0,76.0
2025-12-01 11:00:00,68.07700000000001,716.6,342.0,256.0,86.0
2025-12-01 12:00:00,61.588499999999996,648.3,340.0,221.0,119.0
2025-12-01 13:00:00,42.845,451.0,273.0,127.0,146.0
2025-12-01 14:00:00,27.492999999999995,289.4,191.0,63.0,128.0
2025-12-01 15:00:00,12.891499999999999,135.7,98.0,18.0,80.0
2025-12-01 16:00:00,1.9854999999999998,20.9,17.0,1.0,16.0
2025-12-01 17:00:00,0.0,0.0,0.0,0.0,0.0
2025-12-01 18:00:00,0.0,0.0,0.0,0.0,0.0
2025-12-01 19:00:00,0.0,0.0,0.0,0.0,0.0
2025-12-01 20:00:00,0.0,0.0,0.0,0.0,0.0
2025-12-01 21:00:00,0.0,0.0,0.0,0.0,0.0
2025-12-01 22:00:00,0.0,0.0,0.0,0.0,0.0
2025-12-01 23:00:00,0.0,0.0,0.0,0.0,0.0
2025-12-02 00:00:00,0.0,0.0,0.0,0.0,0.0
2025-12-02 01:00:00,0.0,0.0,0.0,0.0,0.0
2025-12-02 02:00:00,0.0,0.0,0.0,0.0,0.0
2025-12-02 03:00:00,0.0,0.0,0.0,0.0,0.0
2025-12-02 04:00:00,0.0,0.0,0.0,0.0,0.0
2025-12-02 05:00:00,0.0,0.0,0.0,0.0,0.0
2025-12-02 06:00:00,0.0,0.0,0.0,0.0,0.0
2025-12-02 07:00:00,0.0,0.0,0.0,0.0,0.0
2025-12-02 08:00:00,6.365,67.0,37.0,7.0,30.0
2025-12-02 09:00:00,15.171499999999998,159.7,117.0,23.0,94.0
2025-12-02 10:00:00,23.379499999999997,246.1,189.0,43.0,146.0
2025-12-02 11:00:00,33.5445,353.1,250.0,81.0,169.0
2025-12-02 12:00:00,41.2015,433.7,288.0,113.0,175.0
2025-12-02 13:00:00,52.554,553.2,300.0,173.0,127.0
2025-12-02 14:00:00,40.128,422.4,222.0,117.0,105.0
2025-12-02 15:00:00,23.293999999999997,245.2,118.0,51.0,67.0
2025-12-02 16:00:00,5.795,61.0,22.0,7.0,15.0
2025-12-02 17:00:00,0.0,0.0,0.0,0.0,0.0
2025-12-02 18:00:00,0.0,0.0,0.0,0.0,0.0
2025-12-02 19:00:00,0.0,0.0,0.0,0.0,0.0
2025-12-02 20:00:00,0.0,0.0,0.0,0.0,0.0
2025-12-02 21:00:00,0.0,0.0,0.0,0.0,0.0
2025-12-02 22:00:00,0.0,0.0,0.0,0.0,0.0
2025-12-02 23:00:00,0.0,0.0,0.0,0.0,0.0
2025-12-03 00:00:00,0.0,0.0,0.0,0.0,0.0
2025-12-03 01:00:00,0.0,0.0,0.0,0.0,0.0
2025-12-03 02:00:00,0.0,0.0,0.0,0.0,0.0
2025-12-03 03:00:00,0.0,0.0,0.0,0.0,0.0
2025-12-03 04:00:00,0.0,0.0,0.0,0.0,0.0
2025-12-03 05:00:00,0.0,0.0,0.0,0.0,0.0
2025-12-03 06:00:00,0.0,0.0,0.0,0.0,0.0
2025-12-03 07:00:00,0.0,0.0,0.0,0.0,0.0
2025-12-03 08:00:00,13.1195,138.1,43.0,20.0,23.0
2025-12-03 09:00:00,37.173500000000004,391.3,161.0,100.0,61.0
2025-12-03 10:00:00,57.474999999999994,605.0,274.0,195.0,79.0
2025-12-03 11:00:00,69.673,733.4,347.0,259.0,88.0
2025-12-03 12:00:00,72.75099999999999,765.8,367.0,276.0,91.0
2025-12-03 13:00:00,66.785,703.0,332.0,244.0,88.0
2025-12-03 14:00:00,52.687000000000005,554.6,248.0,172.0,76.0
2025-12-03 15:00:00,31.435499999999994,330.9,131.0,77.0,54.0
2025-12-03 16:00:00,7.0775,74.5,23.0,9.0,14.0
2025-12-03 17:00:00,0.0,0.0,0.0,0.0,0.0
2025-12-03 18:00:00,0.0,0.0,0.0,0.0,0.0
2025-12-03 19:00:00,0.0,0.0,0.0,0.0,0.0
2025-12-03 20:00:00,0.0,0.0,0.0,0.0,0.0
2025-12-03 21:00:00,0.0,0.0,0.0,0.0,0.0
2025-12-03 22:00:00,0.0,0.0,0.0,0.0,0.0
2025-12-03 23:00:00,0.0,0.0,0.0,0.0,0.0
2025-12-04 00:00:00,0.0,0.0,0.0,0.0,0.0
2025-12-04 01:00:00,0.0,0.0,0.0,0.0,0.0
2025-12-04 02:00:00,0.0,0.0,0.0,0.0,0.0
2025-12-04 03:00:00,0.0,0.0,0.0,0.0,0.0
2025-12-04 04:00:00,0.0,0.0,0.0,0.0,0.0
2025-12-04 05:00:00,0.0,0.0,0.0,0.0,0.0
2025-12-04 06:00:00,0.0,0.0,0.0,0.0,0.0
2025-12-04 07:00:00,0.0,0.0,0.0,0.0,0.0
2025-12-04 08:00:00,12.103000000000002,127.4,40.0,18.0,22.0
2025-12-04 09:00:00,36.328,382.4,155.0,97.0,58.0
2025-12-04 10:00:00,55.745999999999995,586.8,264.0,188.0,76.0
2025-12-04 11:00:00,67.583,711.4,335.0,250.0,85.0
2025-12-04 12:00:00,70.84150000000001,745.7,355.0,268.0,87.0
2025-12-04 13:00:00,65.512,689.6,323.0,239.0,84.0
2025-12-04 14:00:00,52.0695,548.1,242.0,170.0,72.0
2025-12-04 15:00:00,31.122000000000003,327.6,128.0,76.0,52.0
2025-12-04 16:00:00,7.0584999999999996,74.3,22.0,9.0,13.0
2025-12-04 17:00:00,0.0,0.0,0.0,0.0,0.0
2025-12-04 18:00:00,0.0,0.0,0.0,0.0,0.0
2025-12-04 19:00:00,0.0,0.0,0.0,0.0,0.0
2025-12-04 20:00:00,0.0,0.0,0.0,0.0,0.0
2025-12-04 21:00:00,0.0,0.0,0.0,0.0,0.0
2025-12-04 22:00:00,0.0,0.0,0.0,0.0,0.0
2025-12-04 23:00:00,0.0,0.0,0.0,0.0,0.0
2025-12-05 00:00:00,0.0,0.0,0.0,0.0,0.0
2025-12-05 01:00:00,0.0,0.0,0.0,0.0,0.0
2025-12-05 02:00:00,0.0,0.0,0.0,0.0,0.0
2025-12-05 03:00:00,0.0,0.0,0.0,0.0,0.0
2025-12-05 04:00:00,0.0,0.0,0.0,0.0,0.0
2025-12-05 05:00:00,0.0,0.0,0.0,0.0,0.0
2025-12-05 06:00:00,0.0,0.0,0.0,0.0,0.0
2025-12-05 07:00:00,0.0,0.0,0.0,0.0,0.0
2025-12-05 08:00:00,11.5425,121.5,37.0,17.0,20.0
2025-12-05 09:00:00,35.207,370.6,149.0,93.0,56.0
2025-12-05 10:00:00,54.0645,569.1,255.0,181.0,74.0
2025-12-05 11:00:00,65.55,690.0,324.0,241.0,83.0
2025-12-05 12:00:00,69.065,727.0,345.0,260.0,85.0
2025-12-05 13:00:00,64.3055,676.9,315.0,234.0,81.0
2025-12-05 14:00:00,51.129000000000005,538.2,237.0,166.0,71.0
2025-12-05 15:00:00,30.875,325.0,126.0,75.0,51.0
2025-12-05 16:00:00,7.125,75.0,22.0,9.0,13.0
2025-12-05 17:00:00,0.0,0.0,0.0,0.0,0.0
2025-12-05 18:00:00,0.0,0.0,0.0,0.0,0.0
2025-12-05 19:00:00,0.0,0.0,0.0,0.0,0.0
2025-12-05 20:00:00,0.0,0.0,0.0,0.0,0.0
2025-12-05 21:00:00,0.0,0.0,0.0,0.0,0.0
2025-12-05 22:00:00,0.0,0.0,0.0,0.0,0.0
2025-12-05 23:00:00,0.0,0.0,0.0,0.0,0.0
2025-12-06 00:00:00,0.0,0.0,0.0,0.0,0.0
2025-12-06 01:00:00,0.0,0.0,0.0,0.0,0.0
2025-12-06 02:00:00,0.0,0.0,0.0,0.0,0.0
2025-12-06 03:00:00,0.0,0.0,0.0,0.0,0.0
2025-12-06 04:00:00,0.0,0.0,0.0,0.0,0.0
2025-12-06 05:00:00,0.0,0.0,0.0,0.0,0.0
2025-12-06 06:00:00,0.0,0.0,0.0,0.0,0.0
2025-12-06 07:00:00,0.0,0.0,0.0,0.0,0.0
2025-12-06 08:00:00,10.5355,110.9,35.0,15.0,20.0
2025-12-06 09:00:00,34.798500000000004,366.3,146.0,91.0,55.0
2025-12-06 10:00:00,54.035999999999994,568.8,253.0,180.0,73.0
2025-12-06 11:00:00,65.3505,687.9,322.0,239.0,83.0
2025-12-06 12:00:00,69.008,726.4,343.0,259.0,84.0
2025-12-06 13:00:00,64.467,678.6,314.0,234.0,80.0
2025-12-06 14:00:00,51.46150000000001,541.7,236.0,167.0,69.0
2025-12-06 15:00:00,31.2455,328.9,125.0,76.0,49.0
2025-12-06 16:00:00,6.498,68.4,21.0,8.0,13.0
2025-12-06 17:00:00,0.0,0.0,0.0,0.0,0.0
2025-12-06 18:00:00,0.0,0.0,0.0,0.0,0.0
2025-12-06 19:00:00,0.0,0.0,0.0,0.0,0.0
2025-12-06 20:00:00,0.0,0.0,0.0,0.0,0.0
2025-12-06 21:00:00,0.0,0.0,0.0,0.0,0.0
2025-12-06 22:00:00,0.0,0.0,0.0,0.0,0.0
2025-12-06 23:00:00,0.0,0.0,0.0,0.0,0.0
2025-12-07 00:00:00,0.0,0.0,0.0,0.0,0.0
2025-12-07 01:00:00,0.0,0.0,0.0,0.0,0.0
2025-12-07 02:00:00,0.0,0.0,0.0,0.0,0.0
2025-12-07 03:00:00,0.0,0.0,0.0,0.0,0.0
2025-12-07 04:00:00,0.0,0.0,0.0,0.0,0.0
2025-12-07 05:00:00,0.0,0.0,0.0,0.0,0.0
2025-12-07 06:00:00,0.0,0.0,0.0,0.0,0.0
2025-12-07 07:00:00,0.0,0.0,0.0,0.0,0.0
2025-12-07 08:00:00,3.2965000000000004,34.7,27.0,2.0,25.0
2025-12-07 09:00:00,12.407,130.6,103.0,15.0,88.0
2025-12-07 10:00:00,21.755000000000003,229.0,176.0,38.0,138.0
2025-12-07 11:00:00,27.265,287.0,223.0,53.0,170.0
2025-12-07 12:00:00,25.5835,269.3,223.0,44.0,179.0
2025-12-07 13:00:00,26.8945,283.1,219.0,52.0,167.0
2025-12-07 14:00:00,21.7455,228.9,166.0,41.0,125.0
2025-12-07 15:00:00,8.806500000000002,92.7,82.0,7.0,75.0
2025-12-07 16:00:00,1.007,10.6,12.0,0.0,12.0
2025-12-07 17:00:00,0.0,0.0,0.0,0.0,0.0
2025-12-07 18:00:00,0.0,0.0,0.0,0.0,0.0
2025-12-07 19:00:00,0.0,0.0,0.0,0.0,0.0
2025-12-07 20:00:00,0.0,0.0,0.0,0.0,0.0
2025-12-07 21:00:00,0.0,0.0,0.0,0.0,0.0
2025-12-07 22:00:00,0.0,0.0,0.0,0.0,0.0
2025-12-07 23:00:00,0.0,0.0,0.0,0.0,0.0
2025-12-08 00:00:00,0.0,0.0,0.0,0.0,0.0
2025-12-08 01:00:00,0.0,0.0,0.0,0.0,0.0
2025-12-08 02:00:00,0.0,0.0,0.0,0.0,0.0
2025-12-08 03:00:00,0.0,0.0,0.0,0.0,0.0
2025-12-08 04:00:00,0.0,0.0,0.0,0.0,0.0
2025-12-08 05:00:00,0.0,0.0,0.0,0.0,0.0
2025-12-08 06:00:00,0.0,0.0,0.0,0.0,0.0
2025-12-08 07:00:00,0.0,0.0,0.0,0.0,0.0
2025-12-08 08:00:00,10.6685,112.3,33.0,15.0,18.0
2025-12-08 09:00:00,35.358999999999995,372.2,145.0,91.0,54.0
2025-12-08 10:00:00,54.98599999999999,578.8,255.0,181.0,74.0
2025-12-08 11:00:00,67.298,708.4,327.0,245.0,82.0
2025-12-08 12:00:00,71.0505,747.9,350.0,265.0,85.0
2025-12-08 13:00:00,66.006,694.8,319.0,238.0,81.0
2025-12-08 14:00:00,52.573,553.4,240.0,169.0,71.0
2025-12-08 15:00:00,31.359500000000004,330.1,126.0,75.0,51.0
2025-12-08 16:00:00,7.1915,75.7,21.0,9.0,12.0
2025-12-08 17:00:00,0.0,0.0,0.0,0.0,0.0
2025-12-08 18:00:00,0.0,0.0,0.0,0.0,0.0
2025-12-08 19:00:00,0.0,0.0,0.0,0.0,0.0
2025-12-08 20:00:00,0.0,0.0,0.0,0.0,0.0
2025-12-08 21:00:00,0.0,0.0,0.0,0.0,0.0
2025-12-08 22:00:00,0.0,0.0,0.0,0.0,0.0
2025-12-08 23:00:00,0.0,0.0,0.0,0.0,0.0
2025-12-09 00:00:00,0.0,0.0,0.0,0.0,0.0
2025-12-09 01:00:00,0.0,0.0,0.0,0.0,0.0
2025-12-09 02:00:00,0.0,0.0,0.0,0.0,0.0
2025-12-09 03:00:00,0.0,0.0,0.0,0.0,0.0
2025-12-09 04:00:00,0.0,0.0,0.0,0.0,0.0
2025-12-09 05:00:00,0.0,0.0,0.0,0.0,0.0
2025-12-09 06:00:00,0.0,0.0,0.0,0.0,0.0
2025-12-09 07:00:00,0.0,0.0,0.0,0.0,0.0
2025-12-09 08:00:00,10.203000000000001,107.4,32.0,14.0,18.0
2025-12-09 09:00:00,34.1335,359.3,142.0,86.0,56.0
2025-12-09 10:00:00,53.542,563.6,250.0,174.0,76.0
2025-12-09 11:00:00,65.57849999999999,690.3,321.0,236.0,85.0
2025-12-09 12:00:00,69.75849999999998,734.3,345.0,258.0,87.0
2025-12-09 13:00:00,65.056,684.8,315.0,233.0,82.0
2025-12-09 14:00:00,51.812999999999995,545.4,238.0,165.0,73.0
2025-12-09 15:00:00,31.407,330.6,125.0,75.0,50.0
2025-12-09 16:00:00,6.6215,69.7,21.0,8.0,13.0
2025-12-09 17:00:00,0.0,0.0,0.0,0.0,0.0
2025-12-09 18:00:00,0.0,0.0,0.0,0.0,0.0
2025-12-09 19:00:00,0.0,0.0,0.0,0.0,0.0
2025-12-09 20:00:00,0.0,0.0,0.0,0.0,0.0
2025-12-09 21:00:00,0.0,0.0,0.0,0.0,0.0
2025-12-09 22:00:00,0.0,0.0,0.0,0.0,0.0
2025-12-09 23:00:00,0.0,0.0,0.0,0.0,0.0
2025-12-10 00:00:00,0.0,0.0,0.0,0.0,0.0
2025-12-10 01:00:00,0.0,0.0,0.0,0.0,0.0
2025-12-10 02:00:00,0.0,0.0,0.0,0.0,0.0
2025-12-10 03:00:00,0.0,0.0,0.0,0.0,0.0
2025-12-10 04:00:00,0.0,0.0,0.0,0.0,0.0
2025-12-10 05:00:00,0.0,0.0,0.0,0.0,0.0
2025-12-10 06:00:00,0.0,0.0,0.0,0.0,0.0
2025-12-10 07:00:00,0.0,0.0,0.0,0.0,0.0
2025-12-10 08:00:00,7.8945,83.1,29.0,10.0,19.0
2025-12-10 09:00:00,28.442999999999998,299.4,130.0,67.0,63.0
2025-12-10 10:00:00,53.8175,566.5,248.0,175.0,73.0
2025-12-10 11:00:00,66.6425,701.5,321.0,241.0,80.0
2025-12-10 12:00:00,70.76549999999999,744.9,345.0,263.0,82.0
2025-12-10 13:00:00,65.98700000000001,694.6,316.0,237.0,79.0
2025-12-10 14:00:00,52.74400000000001,555.2,238.0,169.0,69.0
2025-12-10 15:00:00,32.167,338.6,126.0,77.0,49.0
2025-12-10 16:00:00,7.258,76.4,21.0,9.0,12.0
2025-12-10 17:00:00,0.0,0.0,0.0,0.0,0.0
2025-12-10 18:00:00,0.0,0.0,0.0,0.0,0.0
2025-12-10 19:00:00,0.0,0.0,0.0,0.0,0.0
2025-12-10 20:00:00,0.0,0.0,0.0,0.0,0.0
2025-12-10 21:00:00,0.0,0.0,0.0,0.0,0.0
2025-12-10 22:00:00,0.0,0.0,0.0,0.0,0.0
2025-12-10 23:00:00,0.0,0.0,0.0,0.0,0.0
2025-12-11 00:00:00,0.0,0.0,0.0,0.0,0.0
2025-12-11 01:00:00,0.0,0.0,0.0,0.0,0.0
2025-12-11 02:00:00,0.0,0.0,0.0,0.0,0.0
2025-12-11 03:00:00,0.0,0.0,0.0,0.0,0.0
2025-12-11 04:00:00,0.0,0.0,0.0,0.0,0.0
2025-12-11 05:00:00,0.0,0.0,0.0,0.0,0.0
2025-12-11 06:00:00,0.0,0.0,0.0,0.0,0.0
2025-12-11 07:00:00,0.0,0.0,0.0,0.0,0.0
2025-12-11 08:00:00,9.661500000000002,101.7,29.0,13.0,16.0
2025-12-11 09:00:00,34.0955,358.9,138.0,85.0,53.0
2025-12-11 10:00:00,54.2545,571.1,248.0,176.0,72.0
2025-12-11 11:00:00,66.86099999999999,703.8,321.0,241.0,80.0
2025-12-11 12:00:00,70.965,747.0,345.0,263.0,82.0
2025-12-11 13:00:00,66.32900000000001,698.2,316.0,238.0,78.0
2025-12-11 14:00:00,53.162000000000006,559.6,239.0,170.0,69.0
2025-12-11 15:00:00,32.262,339.6,126.0,77.0,49.0
2025-12-11 16:00:00,7.2865,76.7,21.0,9.0,12.0
2025-12-11 17:00:00,0.0,0.0,0.0,0.0,0.0
2025-12-11 18:00:00,0.0,0.0,0.0,0.0,0.0
2025-12-11 19:00:00,0.0,0.0,0.0,0.0,0.0
2025-12-11 20:00:00,0.0,0.0,0.0,0.0,0.0
2025-12-11 21:00:00,0.0,0.0,0.0,0.0,0.0
2025-12-11 22:00:00,0.0,0.0,0.0,0.0,0.0
2025-12-11 23:00:00,0.0,0.0,0.0,0.0,0.0
2025-12-12 00:00:00,0.0,0.0,0.0,0.0,0.0
2025-12-12 01:00:00,0.0,0.0,0.0,0.0,0.0
2025-12-12 02:00:00,0.0,0.0,0.0,0.0,0.0
2025-12-12 03:00:00,0.0,0.0,0.0,0.0,0.0
2025-12-12 04:00:00,0.0,0.0,0.0,0.0,0.0
2025-12-12 05:00:00,0.0,0.0,0.0,0.0,0.0
2025-12-12 06:00:00,0.0,0.0,0.0,0.0,0.0
2025-12-12 07:00:00,0.0,0.0,0.0,0.0,0.0
2025-12-12 08:00:00,9.129499999999998,96.1,28.0,12.0,16.0
2025-12-12 09:00:00,33.478,352.4,134.0,83.0,51.0
2025-12-12 10:00:00,53.409000000000006,562.2,242.0,173.0,69.0
2025-12-12 11:00:00,65.64500000000001,691.0,314.0,236.0,78.0
2025-12-12 12:00:00,69.749,734.2,338.0,258.0,80.0
2025-12-12 13:00:00,65.64500000000001,691.0,312.0,235.0,77.0
2025-12-12 14:00:00,52.839,556.2,236.0,169.0,67.0
2025-12-12 15:00:00,32.262,339.6,125.0,77.0,48.0
2025-12-12 16:00:00,7.305500000000001,76.9,21.0,9.0,12.0
2025-12-12 17:00:00,0.0,0.0,0.0,0.0,0.0
2025-12-12 18:00:00,0.0,0.0,0.0,0.0,0.0
2025-12-12 19:00:00,0.0,0.0,0.0,0.0,0.0
2025-12-12 20:00:00,0.0,0.0,0.0,0.0,0.0
2025-12-12 21:00:00,0.0,0.0,0.0,0.0,0.0
2025-12-12 22:00:00,0.0,0.0,0.0,0.0,0.0
2025-12-12 23:00:00,0.0,0.0,0.0,0.0,0.0
2025-12-13 00:00:00,0.0,0.0,0.0,0.0,0.0
2025-12-13 01:00:00,0.0,0.0,0.0,0.0,0.0
2025-12-13 02:00:00,0.0,0.0,0.0,0.0,0.0
2025-12-13 03:00:00,0.0,0.0,0.0,0.0,0.0
2025-12-13 04:00:00,0.0,0.0,0.0,0.0,0.0
2025-12-13 05:00:00,0.0,0.0,0.0,0.0,0.0
2025-12-13 06:00:00,0.0,0.0,0.0,0.0,0.0
2025-12-13 07:00:00,0.0,0.0,0.0,0.0,0.0
2025-12-13 08:00:00,9.1485,96.3,27.0,12.0,15.0
2025-12-13 09:00:00,34.694,365.2,136.0,86.0,50.0
2025-12-13 10:00:00,54.169000000000004,570.2,244.0,175.0,69.0
2025-12-13 11:00:00,66.5,700.0,316.0,239.0,77.0
2025-12-13 12:00:00,70.566,742.8,340.0,261.0,79.0
2025-12-13 13:00:00,65.6925,691.5,311.0,235.0,76.0
2025-12-13 14:00:00,52.6585,554.3,235.0,168.0,67.0
2025-12-13 15:00:00,31.9485,336.3,124.0,76.0,48.0
2025-12-13 16:00:00,7.3245,77.1,21.0,9.0,12.0
2025-12-13 17:00:00,0.0,0.0,0.0,0.0,0.0
2025-12-13 18:00:00,0.0,0.0,0.0,0.0,0.0
2025-12-13 19:00:00,0.0,0.0,0.0,0.0,0.0
2025-12-13 20:00:00,0.0,0.0,0.0,0.0,0.0
2025-12-13 21:00:00,0.0,0.0,0.0,0.0,0.0
2025-12-13 22:00:00,0.0,0.0,0.0,0.0,0.0
2025-12-13 23:00:00,0.0,0.0,0.0,0.0,0.0
2025-12-14 00:00:00,0.0,0.0,0.0,0.0,0.0
2025-12-14 01:00:00,0.0,0.0,0.0,0.0,0.0
2025-12-14 02:00:00,0.0,0.0,0.0,0.0,0.0
2025-12-14 03:00:00,0.0,0.0,0.0,0.0,0.0
2025-12-14 04:00:00,0.0,0.0,0.0,0.0,0.0
2025-12-14 05:00:00,0.0,0.0,0.0,0.0,0.0
2025-12-14 06:00:00,0.0,0.0,0.0,0.0,0.0
2025-12-14 07:00:00,0.0,0.0,0.0,0.0,0.0
2025-12-14 08:00:00,8.502500000000001,89.5,25.0,11.0,14.0
2025-12-14 09:00:00,32.5185,342.3,130.0,79.0,51.0
2025-12-14 10:00:00,52.1455,548.9,236.0,167.0,69.0
2025-12-14 11:00:00,64.2295,676.1,307.0,229.0,78.0
2025-12-14 12:00:00,68.41900000000001,720.2,332.0,251.0,81.0
2025-12-14 13:00:00,64.125,675.0,305.0,228.0,77.0
2025-12-14 14:00:00,51.337999999999994,540.4,230.0,163.0,67.0
2025-12-14 15:00:00,31.254999999999995,329.0,122.0,74.0,48.0
2025-12-14 16:00:00,7.3245,77.1,21.0,9.0,12.0
2025-12-14 17:00:00,0.0,0.0,0.0,0.0,0.0
2025-12-14 18:00:00,0.0,0.0,0.0,0.0,0.0
2025-12-14 19:00:00,0.0,0.0,0.0,0.0,0.0
2025-12-14 20:00:00,0.0,0.0,0.0,0.0,0.0
2025-12-14 21:00:00,0.0,0.0,0.0,0.0,0.0
2025-12-14 22:00:00,0.0,0.0,0.0,0.0,0.0
2025-12-14 23:00:00,0.0,0.0,0.0,0.0,0.0
2025-12-15 00:00:00,0.0,0.0,0.0,0.0,0.0
2025-12-15 01:00:00,0.0,0.0,0.0,0.0,0.0
2025-12-15 02:00:00,0.0,0.0,0.0,0.0,0.0
2025-12-15 03:00:00,0.0,0.0,0.0,0.0,0.0
2025-12-15 04:00:00,0.0,0.0,0.0,0.0,0.0
2025-12-15 05:00:00,0.0,0.0,0.0,0.0,0.0
2025-12-15 06:00:00,0.0,0.0,0.0,0.0,0.0
2025-12-15 07:00:00,0.0,0.0,0.0,0.0,0.0
2025-12-15 08:00:00,7.9135,83.3,24.0,10.0,14.0
2025-12-15 09:00:00,31.008,326.4,126.0,74.0,52.0
2025-12-15 10:00:00,50.530499999999996,531.9,231.0,160.0,71.0
2025-12-15 11:00:00,63.023,663.4,303.0,223.0,80.0
2025-12-15 12:00:00,61.930499999999995,651.9,317.0,218.0,99.0
2025-12-15 13:00:00,39.102000000000004,411.6,248.0,108.0,140.0
2025-12-15 14:00:00,28.576,300.8,181.0,68.0,113.0
2025-12-15 15:00:00,22.5055,236.9,109.0,47.0,62.0
2025-12-15 16:00:00,5.386500000000001,56.7,20.0,6.0,14.0
2025-12-15 17:00:00,0.0,0.0,0.0,0.0,0.0
2025-12-15 18:00:00,0.0,0.0,0.0,0.0,0.0
2025-12-15 19:00:00,0.0,0.0,0.0,0.0,0.0
2025-12-15 20:00:00,0.0,0.0,0.0,0.0,0.0
2025-12-15 21:00:00,0.0,0.0,0.0,0.0,0.0
2025-12-15 22:00:00,0.0,0.0,0.0,0.0,0.0
2025-12-15 23:00:00,0.0,0.0,0.0,0.0,0.0
2025-12-16 00:00:00,0.0,0.0,0.0,0.0,0.0
2025-12-16 01:00:00,0.0,0.0,0.0,0.0,0.0
2025-12-16 02:00:00,0.0,0.0,0.0,0.0,0.0
2025-12-16 03:00:00,0.0,0.0,0.0,0.0,0.0
2025-12-16 04:00:00,0.0,0.0,0.0,0.0,0.0
2025-12-16 05:00:00,0.0,0.0,0.0,0.0,0.0
2025-12-16 06:00:00,0.0,0.0,0.0,0.0,0.0
2025-12-16 07:00:00,0.0,0.0,0.0,0.0,0.0
2025-12-16 08:00:00,8.588000000000001,90.4,24.0,11.0,13.0
2025-12-16 09:00:00,32.5565,342.7,129.0,78.0,51.0
2025-12-16 10:00:00,53.314,561.2,239.0,170.0,69.0
2025-12-16 11:00:00,66.443,699.4,314.0,237.0,77.0
2025-12-16 12:00:00,70.9365,746.7,340.0,261.0,79.0
2025-12-16 13:00:00,65.8065,692.7,311.0,234.0,77.0
2025-12-16 14:00:00,51.974500000000006,547.1,234.0,164.0,70.0
2025-12-16 15:00:00,31.435499999999994,330.9,124.0,74.0,50.0
2025-12-16 16:00:00,7.400500000000001,77.9,22.0,9.0,13.0
2025-12-16 17:00:00,0.0,0.0,0.0,0.0,0.0
2025-12-16 18:00:00,0.0,0.0,0.0,0.0,0.0
2025-12-16 19:00:00,0.0,0.0,0.0,0.0,0.0
2025-12-16 20:00:00,0.0,0.0,0.0,0.0,0.0
2025-12-16 21:00:00,0.0,0.0,0.0,0.0,0.0
2025-12-16 22:00:00,0.0,0.0,0.0,0.0,0.0
2025-12-16 23:00:00,0.0,0.0,0.0,0.0,0.0
2025-12-17 00:00:00,0.0,0.0,0.0,0.0,0.0
2025-12-17 01:00:00,0.0,0.0,0.0,0.0,0.0
2025-12-17 02:00:00,0.0,0.0,0.0,0.0,0.0
2025-12-17 03:00:00,0.0,0.0,0.0,0.0,0.0
2025-12-17 04:00:00,0.0,0.0,0.0,0.0,0.0
2025-12-17 05:00:00,0.0,0.0,0.0,0.0,0.0
2025-12-17 06:00:00,0.0,0.0,0.0,0.0,0.0
2025-12-17 07:00:00,0.0,0.0,0.0,0.0,0.0
2025-12-17 08:00:00,5.396,56.8,21.0,6.0,15.0
2025-12-17 09:00:00,29.146,306.8,123.0,67.0,56.0
2025-12-17 10:00:00,48.127,506.6,227.0,148.0,79.0
2025-12-17 11:00:00,45.903999999999996,483.2,268.0,138.0,130.0
2025-12-17 12:00:00,55.708,586.4,305.0,185.0,120.0
2025-12-17 13:00:00,63.327000000000005,666.6,305.0,222.0,83.0
2025-12-17 14:00:00,50.56849999999999,532.3,231.0,158.0,73.0
2025-12-17 15:00:00,29.545,311.0,122.0,68.0,54.0
2025-12-17 16:00:00,7.391,77.8,22.0,9.0,13.0
2025-12-17 17:00:00,0.0,0.0,0.0,0.0,0.0
2025-12-17 18:00:00,0.0,0.0,0.0,0.0,0.0
2025-12-17 19:00:00,0.0,0.0,0.0,0.0,0.0
2025-12-17 20:00:00,0.0,0.0,0.0,0.0,0.0
2025-12-17 21:00:00,0.0,0.0,0.0,0.0,0.0
2025-12-17 22:00:00,0.0,0.0,0.0,0.0,0.0
2025-12-17 23:00:00,0.0,0.0,0.0,0.0,0.0
2025-12-18 00:00:00,0.0,0.0,0.0,0.0,0.0
2025-12-18 01:00:00,0.0,0.0,0.0,0.0,0.0
2025-12-18 02:00:00,0.0,0.0,0.0,0.0,0.0
2025-12-18 03:00:00,0.0,0.0,0.0,0.0,0.0
2025-12-18 04:00:00,0.0,0.0,0.0,0.0,0.0
2025-12-18 05:00:00,0.0,0.0,0.0,0.0,0.0
2025-12-18 06:00:00,0.0,0.0,0.0,0.0,0.0
2025-12-18 07:00:00,0.0,0.0,0.0,0.0,0.0
2025-12-18 08:00:00,2.0425,21.5,17.0,1.0,16.0
2025-12-18 09:00:00,8.1605,85.9,77.0,6.0,71.0
2025-12-18 10:00:00,12.825,135.0,127.0,11.0,116.0
2025-12-18 11:00:00,30.7895,324.1,221.0,72.0,149.0
2025-12-18 12:00:00,55.2425,581.5,293.0,188.0,105.0
2025-12-18 13:00:00,29.440499999999997,309.9,209.0,70.0,139.0
2025-12-18 14:00:00,6.7925,71.5,81.0,0.0,81.0
2025-12-18 15:00:00,3.3534999999999995,35.3,40.0,0.0,40.0
2025-12-18 16:00:00,1.0925,11.5,13.0,0.0,13.0
2025-12-18 17:00:00,0.0,0.0,0.0,0.0,0.0
2025-12-18 18:00:00,0.0,0.0,0.0,0.0,0.0
2025-12-18 19:00:00,0.0,0.0,0.0,0.0,0.0
2025-12-18 20:00:00,0.0,0.0,0.0,0.0,0.0
2025-12-18 21:00:00,0.0,0.0,0.0,0.0,0.0
2025-12-18 22:00:00,0.0,0.0,0.0,0.0,0.0
2025-12-18 23:00:00,0.0,0.0,0.0,0.0,0.0
2025-12-19 00:00:00,0.0,0.0,0.0,0.0,0.0
2025-12-19 01:00:00,0.0,0.0,0.0,0.0,0.0
2025-12-19 02:00:00,0.0,0.0,0.0,0.0,0.0
2025-12-19 03:00:00,0.0,0.0,0.0,0.0,0.0
2025-12-19 04:00:00,0.0,0.0,0.0,0.0,0.0
2025-12-19 05:00:00,0.0,0.0,0.0,0.0,0.0
2025-12-19 06:00:00,0.0,0.0,0.0,0.0,0.0
2025-12-19 07:00:00,0.0,0.0,0.0,0.0,0.0
2025-12-19 08:00:00,0.3325,3.5,4.0,0.0,4.0
2025-12-19 09:00:00,1.6815,17.7,20.0,0.0,20.0
2025-12-19 10:00:00,3.3534999999999995,35.3,40.0,0.0,40.0
2025-12-19 11:00:00,2.185,23.0,26.0,0.0,26.0
2025-12-19 12:00:00,5.035,53.0,60.0,0.0,60.0
2025-12-19 13:00:00,2.3465000000000003,24.7,28.0,0.0,28.0
2025-12-19 14:00:00,3.9425000000000003,41.5,47.0,0.0,47.0
2025-12-19 15:00:00,24.130000000000003,254.0,109.0,53.0,56.0
2025-12-19 16:00:00,7.3435,77.3,22.0,9.0,13.0
2025-12-19 17:00:00,0.0,0.0,0.0,0.0,0.0
2025-12-19 18:00:00,0.0,0.0,0.0,0.0,0.0
2025-12-19 19:00:00,0.0,0.0,0.0,0.0,0.0
2025-12-19 20:00:00,0.0,0.0,0.0,0.0,0.0
2025-12-19 21:00:00,0.0,0.0,0.0,0.0,0.0
2025-12-19 22:00:00,0.0,0.0,0.0,0.0,0.0
2025-12-19 23:00:00,0.0,0.0,0.0,0.0,0.0
2025-12-20 00:00:00,0.0,0.0,0.0,0.0,0.0
2025-12-20 01:00:00,0.0,0.0,0.0,0.0,0.0
2025-12-20 02:00:00,0.0,0.0,0.0,0.0,0.0
2025-12-20 03:00:00,0.0,0.0,0.0,0.0,0.0
2025-12-20 04:00:00,0.0,0.0,0.0,0.0,0.0
2025-12-20 05:00:00,0.0,0.0,0.0,0.0,0.0
2025-12-20 06:00:00,0.0,0.0,0.0,0.0,0.0
2025-12-20 07:00:00,0.0,0.0,0.0,0.0,0.0
2025-12-20 08:00:00,7.391,77.8,21.0,9.0,12.0
2025-12-20 09:00:00,32.3,340.0,125.0,76.0,49.0
2025-12-20 10:00:00,52.592000000000006,553.6,234.0,166.0,68.0
2025-12-20 11:00:00,65.5405,689.9,309.0,232.0,77.0
2025-12-20 12:00:00,43.3295,456.1,273.0,125.0,148.0
2025-12-20 13:00:00,21.641000000000002,227.8,187.0,35.0,152.0
2025-12-20 14:00:00,15.6845,165.1,140.0,20.0,120.0
2025-12-20 15:00:00,7.476500000000001,78.7,69.0,6.0,63.0
2025-12-20 16:00:00,1.862,19.6,15.0,1.0,14.0
2025-12-20 17:00:00,0.0,0.0,0.0,0.0,0.0
2025-12-20 18:00:00,0.0,0.0,0.0,0.0,0.0
2025-12-20 19:00:00,0.0,0.0,0.0,0.0,0.0
2025-12-20 20:00:00,0.0,0.0,0.0,0.0,0.0
2025-12-20 21:00:00,0.0,0.0,0.0,0.0,0.0
2025-12-20 22:00:00,0.0,0.0,0.0,0.0,0.0
2025-12-20 23:00:00,0.0,0.0,0.0,0.0,0.0
2025-12-21 00:00:00,0.0,0.0,0.0,0.0,0.0
2025-12-21 01:00:00,0.0,0.0,0.0,0.0,0.0
2025-12-21 02:00:00,0.0,0.0,0.0,0.0,0.0
2025-12-21 03:00:00,0.0,0.0,0.0,0.0,0.0
2025-12-21 04:00:00,0.0,0.0,0.0,0.0,0.0
2025-12-21 05:00:00,0.0,0.0,0.0,0.0,0.0
2025-12-21 06:00:00,0.0,0.0,0.0,0.0,0.0
2025-12-21 07:00:00,0.0,0.0,0.0,0.0,0.0
2025-12-21 08:00:00,1.0925,11.5,13.0,0.0,13.0
2025-12-21 09:00:00,9.965500000000002,104.9,81.0,11.0,70.0
2025-12-21 10:00:00,27.274500000000003,287.1,178.0,62.0,116.0
2025-12-21 11:00:00,51.528,542.4,278.0,165.0,113.0
2025-12-21 12:00:00,64.2105,675.9,321.0,228.0,93.0
2025-12-21 13:00:00,63.80200000000001,671.6,304.0,225.0,79.0
2025-12-21 14:00:00,50.882,535.6,231.0,160.0,71.0
2025-12-21 15:00:00,32.186,338.8,126.0,77.0,49.0
2025-12-21 16:00:00,7.961,83.8,23.0,10.0,13.0
2025-12-21 17:00:00,0.0,0.0,0.0,0.0,0.0
2025-12-21 18:00:00,0.0,0.0,0.0,0.0,0.0
2025-12-21 19:00:00,0.0,0.0,0.0,0.0,0.0
2025-12-21 20:00:00,0.0,0.0,0.0,0.0,0.0
2025-12-21 21:00:00,0.0,0.0,0.0,0.0,0.0
2025-12-21 22:00:00,0.0,0.0,0.0,0.0,0.0
2025-12-21 23:00:00,0.0,0.0,0.0,0.0,0.0
2025-12-22 00:00:00,0.0,0.0,0.0,0.0,0.0
2025-12-22 01:00:00,0.0,0.0,0.0,0.0,0.0
2025-12-22 02:00:00,0.0,0.0,0.0,0.0,0.0
2025-12-22 03:00:00,0.0,0.0,0.0,0.0,0.0
2025-12-22 04:00:00,0.0,0.0,0.0,0.0,0.0
2025-12-22 05:00:00,0.0,0.0,0.0,0.0,0.0
2025-12-22 06:00:00,0.0,0.0,0.0,0.0,0.0
2025-12-22 07:00:00,0.0,0.0,0.0,0.0,0.0
2025-12-22 08:00:00,6.6785,70.3,19.0,8.0,11.0
2025-12-22 09:00:00,28.9655,304.9,117.0,66.0,51.0
2025-12-22 10:00:00,44.849500000000006,472.1,216.0,134.0,82.0
2025-12-22 11:00:00,46.3505,487.9,265.0,141.0,124.0
2025-12-22 12:00:00,49.913,525.4,289.0,157.0,132.0
2025-12-22 13:00:00,59.1945,623.1,294.0,203.0,91.0
2025-12-22 14:00:00,42.9875,452.5,215.0,127.0,88.0
2025-12-22 15:00:00,14.4495,152.1,89.0,25.0,64.0
2025-12-22 16:00:00,4.5885,48.3,19.0,5.0,14.0
2025-12-22 17:00:00,0.0,0.0,0.0,0.0,0.0
2025-12-22 18:00:00,0.0,0.0,0.0,0.0,0.0
2025-12-22 19:00:00,0.0,0.0,0.0,0.0,0.0
2025-12-22 20:00:00,0.0,0.0,0.0,0.0,0.0
2025-12-22 21:00:00,0.0,0.0,0.0,0.0,0.0
2025-12-22 22:00:00,0.0,0.0,0.0,0.0,0.0
2025-12-22 23:00:00,0.0,0.0,0.0,0.0,0.0
2025-12-23 00:00:00,0.0,0.0,0.0,0.0,0.0
2025-12-23 01:00:00,0.0,0.0,0.0,0.0,0.0
2025-12-23 02:00:00,0.0,0.0,0.0,0.0,0.0
2025-12-23 03:00:00,0.0,0.0,0.0,0.0,0.0
2025-12-23 04:00:00,0.0,0.0,0.0,0.0,0.0
2025-12-23 05:00:00,0.0,0.0,0.0,0.0,0.0
2025-12-23 06:00:00,0.0,0.0,0.0,0.0,0.0
2025-12-23 07:00:00,0.0,0.0,0.0,0.0,0.0
2025-12-23 08:00:00,0.41800000000000004,4.4,5.0,0.0,5.0
2025-12-23 09:00:00,1.4249999999999998,15.0,17.0,0.0,17.0
2025-12-23 10:00:00,3.1065000000000005,32.7,37.0,0.0,37.0
2025-12-23 11:00:00,3.686,38.8,44.0,0.0,44.0
2025-12-23 12:00:00,4.1895,44.1,50.0,0.0,50.0
2025-12-23 13:00:00,5.282,55.6,63.0,0.0,63.0
2025-12-23 14:00:00,5.5385,58.3,66.0,0.0,66.0
2025-12-23 15:00:00,4.028,42.4,48.0,0.0,48.0
2025-12-23 16:00:00,0.9215,9.7,11.0,0.0,11.0
2025-12-23 17:00:00,0.0,0.0,0.0,0.0,0.0
2025-12-23 18:00:00,0.0,0.0,0.0,0.0,0.0
2025-12-23 19:00:00,0.0,0.0,0.0,0.0,0.0
2025-12-23 20:00:00,0.0,0.0,0.0,0.0,0.0
2025-12-23 21:00:00,0.0,0.0,0.0,0.0,0.0
2025-12-23 22:00:00,0.0,0.0,0.0,0.0,0.0
2025-12-23 23:00:00,0.0,0.0,0.0,0.0,0.0
2025-12-24 00:00:00,0.0,0.0,0.0,0.0,0.0
2025-12-24 01:00:00,0.0,0.0,0.0,0.0,0.0
2025-12-24 02:00:00,0.0,0.0,0.0,0.0,0.0
2025-12-24 03:00:00,0.0,0.0,0.0,0.0,0.0
2025-12-24 04:00:00,0.0,0.0,0.0,0.0,0.0
2025-12-24 05:00:00,0.0,0.0,0.0,0.0,0.0
2025-12-24 06:00:00,0.0,0.0,0.0,0.0,0.0
2025-12-24 07:00:00,0.0,0.0,0.0,0.0,0.0
2025-12-24 08:00:00,6.84,72.0,20.0,8.0,12.0
2025-12-24 09:00:00,22.724,239.2,114.0,45.0,69.0
2025-12-24 10:00:00,37.943,399.4,214.0,100.0,114.0
2025-12-24 11:00:00,43.9375,462.5,279.0,120.0,159.0
2025-12-24 12:00:00,48.278999999999996,508.2,303.0,140.0,163.0
2025-12-24 13:00:00,67.20299999999999,707.4,326.0,235.0,91.0
2025-12-24 14:00:00,55.6225,585.5,253.0,176.0,77.0
2025-12-24 15:00:00,35.4825,373.5,140.0,86.0,54.0
2025-12-24 16:00:00,9.3955,98.9,28.0,12.0,16.0
2025-12-24 17:00:00,0.0,0.0,0.0,0.0,0.0
2025-12-24 18:00:00,0.0,0.0,0.0,0.0,0.0
2025-12-24 19:00:00,0.0,0.0,0.0,0.0,0.0
2025-12-24 20:00:00,0.0,0.0,0.0,0.0,0.0
2025-12-24 21:00:00,0.0,0.0,0.0,0.0,0.0
2025-12-24 22:00:00,0.0,0.0,0.0,0.0,0.0
2025-12-24 23:00:00,0.0,0.0,0.0,0.0,0.0
2025-12-25 00:00:00,0.0,0.0,0.0,0.0,0.0
2025-12-25 01:00:00,0.0,0.0,0.0,0.0,0.0
2025-12-25 02:00:00,0.0,0.0,0.0,0.0,0.0
2025-12-25 03:00:00,0.0,0.0,0.0,0.0,0.0
2025-12-25 04:00:00,0.0,0.0,0.0,0.0,0.0
2025-12-25 05:00:00,0.0,0.0,0.0,0.0,0.0
2025-12-25 06:00:00,0.0,0.0,0.0,0.0,0.0
2025-12-25 07:00:00,0.0,0.0,0.0,0.0,0.0
2025-12-25 08:00:00,6.859,72.2,20.0,8.0,12.0
2025-12-25 09:00:00,31.6825,333.5,126.0,72.0,54.0
2025-12-25 10:00:00,50.6825,533.5,237.0,154.0,83.0
2025-12-25 11:00:00,61.05650000000001,642.7,312.0,204.0,108.0
2025-12-25 12:00:00,71.03150000000001,747.7,351.0,255.0,96.0
2025-12-25 13:00:00,67.621,711.8,328.0,237.0,91.0
2025-12-25 14:00:00,54.834,577.2,252.0,173.0,79.0
2025-12-25 15:00:00,34.409,362.2,139.0,83.0,56.0
2025-12-25 16:00:00,9.329,98.2,28.0,12.0,16.0
2025-12-25 17:00:00,0.0,0.0,0.0,0.0,0.0
2025-12-25 18:00:00,0.0,0.0,0.0,0.0,0.0
2025-12-25 19:00:00,0.0,0.0,0.0,0.0,0.0
2025-12-25 20:00:00,0.0,0.0,0.0,0.0,0.0
2025-12-25 21:00:00,0.0,0.0,0.0,0.0,0.0
2025-12-25 22:00:00,0.0,0.0,0.0,0.0,0.0
2025-12-25 23:00:00,0.0,0.0,0.0,0.0,0.0
2025-12-26 00:00:00,0.0,0.0,0.0,0.0,0.0
2025-12-26 01:00:00,0.0,0.0,0.0,0.0,0.0
2025-12-26 02:00:00,0.0,0.0,0.0,0.0,0.0
2025-12-26 03:00:00,0.0,0.0,0.0,0.0,0.0
2025-12-26 04:00:00,0.0,0.0,0.0,0.0,0.0
2025-12-26 05:00:00,0.0,0.0,0.0,0.0,0.0
2025-12-26 06:00:00,0.0,0.0,0.0,0.0,0.0
2025-12-26 07:00:00,0.0,0.0,0.0,0.0,0.0
2025-12-26 08:00:00,6.887499999999999,72.5,20.0,8.0,12.0
2025-12-26 09:00:00,32.604,343.2,126.0,75.0,51.0
2025-12-26 10:00:00,54.264,571.2,244.0,169.0,75.0
2025-12-26 11:00:00,68.172,717.6,326.0,239.0,87.0
2025-12-26 12:00:00,73.663,775.4,358.0,268.0,90.0
2025-12-26 13:00:00,69.882,735.6,334.0,248.0,86.0
2025-12-26 14:00:00,57.21849999999999,602.3,259.0,183.0,76.0
2025-12-26 15:00:00,36.556000000000004,384.8,144.0,90.0,54.0
2025-12-26 16:00:00,10.564,111.2,30.0,14.0,16.0
2025-12-26 17:00:00,0.0,0.0,0.0,0.0,0.0
2025-12-26 18:00:00,0.0,0.0,0.0,0.0,0.0
2025-12-26 19:00:00,0.0,0.0,0.0,0.0,0.0
2025-12-26 20:00:00,0.0,0.0,0.0,0.0,0.0
2025-12-26 21:00:00,0.0,0.0,0.0,0.0,0.0
2025-12-26 22:00:00,0.0,0.0,0.0,0.0,0.0
2025-12-26 23:00:00,0.0,0.0,0.0,0.0,0.0
2025-12-27 00:00:00,0.0,0.0,0.0,0.0,0.0
2025-12-27 01:00:00,0.0,0.0,0.0,0.0,0.0
2025-12-27 02:00:00,0.0,0.0,0.0,0.0,0.0
2025-12-27 03:00:00,0.0,0.0,0.0,0.0,0.0
2025-12-27 04:00:00,0.0,0.0,0.0,0.0,0.0
2025-12-27 05:00:00,0.0,0.0,0.0,0.0,0.0
2025-12-27 06:00:00,0.0,0.0,0.0,0.0,0.0
2025-12-27 07:00:00,0.0,0.0,0.0,0.0,0.0
2025-12-27 08:00:00,4.0375,42.5,17.0,4.0,13.0
2025-12-27 09:00:00,31.787,334.6,123.0,73.0,50.0
2025-12-27 10:00:00,53.0195,558.1,239.0,165.0,74.0
2025-12-27 11:00:00,66.67099999999999,701.8,319.0,234.0,85.0
2025-12-27 12:00:00,72.00999999999999,758.0,351.0,262.0,89.0
2025-12-27 13:00:00,68.495,721.0,329.0,243.0,86.0
2025-12-27 14:00:00,56.3445,593.1,255.0,181.0,74.0
2025-12-27 15:00:00,35.9195,378.1,142.0,89.0,53.0
2025-12-27 16:00:00,10.469000000000001,110.2,30.0,14.0,16.0
2025-12-27 17:00:00,0.0,0.0,0.0,0.0,0.0
2025-12-27 18:00:00,0.0,0.0,0.0,0.0,0.0
2025-12-27 19:00:00,0.0,0.0,0.0,0.0,0.0
2025-12-27 20:00:00,0.0,0.0,0.0,0.0,0.0
2025-12-27 21:00:00,0.0,0.0,0.0,0.0,0.0
2025-12-27 22:00:00,0.0,0.0,0.0,0.0,0.0
2025-12-27 23:00:00,0.0,0.0,0.0,0.0,0.0
2025-12-28 00:00:00,0.0,0.0,0.0,0.0,0.0
2025-12-28 01:00:00,0.0,0.0,0.0,0.0,0.0
2025-12-28 02:00:00,0.0,0.0,0.0,0.0,0.0
2025-12-28 03:00:00,0.0,0.0,0.0,0.0,0.0
2025-12-28 04:00:00,0.0,0.0,0.0,0.0,0.0
2025-12-28 05:00:00,0.0,0.0,0.0,0.0,0.0
2025-12-28 06:00:00,0.0,0.0,0.0,0.0,0.0
2025-12-28 07:00:00,0.0,0.0,0.0,0.0,0.0
2025-12-28 08:00:00,4.0375,42.5,17.0,4.0,13.0
2025-12-28 09:00:00,28.348,298.4,117.0,63.0,54.0
2025-12-28 10:00:00,13.271499999999998,139.7,144.0,6.0,138.0
2025-12-28 11:00:00,17.214,181.2,185.0,10.0,175.0
2025-12-28 12:00:00,23.389,246.2,217.0,32.0,185.0
2025-12-28 13:00:00,23.816499999999998,250.7,208.0,38.0,170.0
2025-12-28 14:00:00,19.266000000000002,202.8,161.0,30.0,131.0
2025-12-28 15:00:00,10.573500000000001,111.3,91.0,11.0,80.0
2025-12-28 16:00:00,4.085,43.0,22.0,4.0,18.0
2025-12-28 17:00:00,0.0,0.0,0.0,0.0,0.0
2025-12-28 18:00:00,0.0,0.0,0.0,0.0,0.0
2025-12-28 19:00:00,0.0,0.0,0.0,0.0,0.0
2025-12-28 20:00:00,0.0,0.0,0.0,0.0,0.0
2025-12-28 21:00:00,0.0,0.0,0.0,0.0,0.0
2025-12-28 22:00:00,0.0,0.0,0.0,0.0,0.0
2025-12-28 23:00:00,0.0,0.0,0.0,0.0,0.0
2025-12-29 00:00:00,0.0,0.0,0.0,0.0,0.0
2025-12-29 01:00:00,0.0,0.0,0.0,0.0,0.0
2025-12-29 02:00:00,0.0,0.0,0.0,0.0,0.0
2025-12-29 03:00:00,0.0,0.0,0.0,0.0,0.0
2025-12-29 04:00:00,0.0,0.0,0.0,0.0,0.0
2025-12-29 05:00:00,0.0,0.0,0.0,0.0,0.0
2025-12-29 06:00:00,0.0,0.0,0.0,0.0,0.0
2025-12-29 07:00:00,0.0,0.0,0.0,0.0,0.0
2025-12-29 08:00:00,6.830500000000001,71.9,19.0,8.0,11.0
2025-12-29 09:00:00,33.421,351.8,125.0,78.0,47.0
2025-12-29 10:00:00,54.757999999999996,576.4,242.0,173.0,69.0
2025-12-29 11:00:00,68.70400000000001,723.2,325.0,244.0,81.0
2025-12-29 12:00:00,74.138,780.4,358.0,273.0,85.0
2025-12-29 13:00:00,70.63250000000001,743.5,336.0,254.0,82.0
2025-12-29 14:00:00,57.8265,608.7,261.0,188.0,73.0
2025-12-29 15:00:00,37.572500000000005,395.5,148.0,95.0,53.0
2025-12-29 16:00:00,11.533,121.4,32.0,16.0,16.0
2025-12-29 17:00:00,0.0,0.0,0.0,0.0,0.0
2025-12-29 18:00:00,0.0,0.0,0.0,0.0,0.0
2025-12-29 19:00:00,0.0,0.0,0.0,0.0,0.0
2025-12-29 20:00:00,0.0,0.0,0.0,0.0,0.0
2025-12-29 21:00:00,0.0,0.0,0.0,0.0,0.0
2025-12-29 22:00:00,0.0,0.0,0.0,0.0,0.0
2025-12-29 23:00:00,0.0,0.0,0.0,0.0,0.0
2025-12-30 00:00:00,0.0,0.0,0.0,0.0,0.0
2025-12-30 01:00:00,0.0,0.0,0.0,0.0,0.0
2025-12-30 02:00:00,0.0,0.0,0.0,0.0,0.0
2025-12-30 03:00:00,0.0,0.0,0.0,0.0,0.0
2025-12-30 04:00:00,0.0,0.0,0.0,0.0,0.0
2025-12-30 05:00:00,0.0,0.0,0.0,0.0,0.0
2025-12-30 06:00:00,0.0,0.0,0.0,0.0,0.0
2025-12-30 07:00:00,0.0,0.0,0.0,0.0,0.0
2025-12-30 08:00:00,6.7355,70.9,18.0,8.0,10.0
2025-12-30 09:00:00,30.988999999999997,326.2,121.0,71.0,50.0
2025-12-30 10:00:00,52.46849999999999,552.3,237.0,164.0,73.0
2025-12-30 11:00:00,66.386,698.8,319.0,234.0,85.0
2025-12-30 12:00:00,71.307,750.6,351.0,260.0,91.0
2025-12-30 13:00:00,66.6995,702.1,327.0,236.0,91.0
2025-12-30 14:00:00,51.1005,537.9,249.0,159.0,90.0
2025-12-30 15:00:00,32.888999999999996,346.2,142.0,80.0,62.0
2025-12-30 16:00:00,9.766,102.8,32.0,13.0,19.0
2025-12-30 17:00:00,0.0,0.0,0.0,0.0,0.0
2025-12-30 18:00:00,0.0,0.0,0.0,0.0,0.0
2025-12-30 19:00:00,0.0,0.0,0.0,0.0,0.0
2025-12-30 20:00:00,0.0,0.0,0.0,0.0,0.0
2025-12-30 21:00:00,0.0,0.0,0.0,0.0,0.0
2025-12-30 22:00:00,0.0,0.0,0.0,0.0,0.0
2025-12-30 23:00:00,0.0,0.0,0.0,0.0,0.0
2025-12-31 00:00:00,0.0,0.0,0.0,0.0,0.0
2025-12-31 01:00:00,0.0,0.0,0.0,0.0,0.0
2025-12-31 02:00:00,0.0,0.0,0.0,0.0,0.0
2025-12-31 03:00:00,0.0,0.0,0.0,0.0,0.0
2025-12-31 04:00:00,0.0,0.0,0.0,0.0,0.0
2025-12-31 05:00:00,0.0,0.0,0.0,0.0,0.0
2025-12-31 06:00:00,0.0,0.0,0.0,0.0,0.0
2025-12-31 07:00:00,0.0,0.0,0.0,0.0,0.0
2025-12-31 08:00:00,5.424500000000001,57.1,18.0,6.0,12.0
2025-12-31 09:00:00,24.7855,260.9,114.0,52.0,62.0
2025-12-31 10:00:00,50.5875,532.5,237.0,155.0,82.0
2025-12-31 11:00:00,66.1675,696.5,322.0,232.0,90.0
2025-12-31 12:00:00,71.725,755.0,356.0,261.0,95.0
2025-12-31 13:00:00,68.267,718.6,334.0,243.0,91.0
2025-12-31 14:00:00,56.5345,595.1,262.0,183.0,79.0
2025-12-31 15:00:00,34.646499999999996,364.7,147.0,86.0,61.0
2025-12-31 16:00:00,10.288499999999999,108.3,33.0,14.0,19.0
2025-12-31 17:00:00,0.0,0.0,0.0,0.0,0.0
2025-12-31 18:00:00,0.0,0.0,0.0,0.0,0.0
2025-12-31 19:00:00,0.0,0.0,0.0,0.0,0.0
2025-12-31 20:00:00,0.0,0.0,0.0,0.0,0.0
2025-12-31 21:00:00,0.0,0.0,0.0,0.0,0.0
2025-12-31 22:00:00,0.0,0.0,0.0,0.0,0.0
2025-12-31 23:00:00,0.0,0.0,0.0,0.0,0.0
