Time,iButton
5/21/2026 20:38:01,29
5/21/2026 20:39:01,29.5
5/21/2026 20:40:01,30.5
5/21/2026 20:41:01,31
5/21/2026 20:42:01,31.5
5/21/2026 20:43:01,32.5
5/21/2026 20:44:01,33
5/21/2026 20:45:01,33.5
5/21/2026 20:46:01,34
5/21/2026 20:47:01,34.5
5/21/2026 20:48:01,35
5/21/2026 20:49:01,35
5/21/2026 20:50:01,35.5
5/21/2026 20:51:01,36
5/21/2026 20:52:01,36
5/21/2026 20:53:01,36
5/21/2026 20:54:01,36.5
5/21/2026 20:55:01,36.5
5/21/2026 20:56:01,36.5
5/21/2026 20:57:01,37
5/21/2026 20:58:01,37
5/21/2026 20:59:01,37
5/21/2026 21:00:01,37.5
5/21/2026 21:01:01,37.5
5/21/2026 21:02:01,37.5
5/21/2026 21:03:01,37.5
5/21/2026 21:04:01,38
5/21/2026 21:05:01,38
5/21/2026 21:06:01,38
5/21/2026 21:07:01,38
5/21/2026 21:08:01,38.5
5/21/2026 21:09:01,38.5
5/21/2026 21:10:01,38.5
5/21/2026 21:11:01,38.5
5/21/2026 21:12:01,39
5/21/2026 21:13:01,39
5/21/2026 21:14:01,39
5/21/2026 21:15:01,39
5/21/2026 21:16:01,39
5/21/2026 21:17:01,39
5/21/2026 21:18:01,39.5
5/21/2026 21:19:01,39.5
5/21/2026 21:20:01,39.5
5/21/2026 21:21:01,39.5
5/21/2026 21:22:01,39.5
5/21/2026 21:23:01,39.5
5/21/2026 21:24:01,40
