Time,iButton
17:40:01,29.3
17:40:11,29.4
17:40:21,29.5
17:40:31,29.6
17:40:41,29.7
17:40:51,29.8
17:41:01,29.9
17:41:11,29.9
17:41:21,30
17:41:31,30.1
17:41:41,30.2
17:41:51,30.2
17:42:01,30.4
17:42:11,30.4
17:42:21,30.5
17:42:31,30.6
17:42:41,30.6
17:42:51,30.7
17:43:01,30.8
17:43:11,30.8
17:43:21,30.9
17:43:31,30.9
17:43:41,31
17:43:51,31.1
17:44:01,31.1
17:44:11,31.1
17:44:21,31.2
17:44:31,31.2
17:44:41,31.3
17:44:51,31.3
17:45:01,31.4
17:45:11,31.4
17:45:21,31.4
17:45:31,31.5
17:45:41,31.6
17:45:51,31.6
17:46:01,31.6
17:46:11,31.7
17:46:21,31.7
17:46:31,31.8
17:46:41,31.8
17:46:51,31.8
17:47:01,31.8
17:47:11,31.9
17:47:21,31.9
17:47:31,31.9
17:47:41,31.9
17:47:51,32
17:48:01,32
17:48:11,32
17:48:21,32.1
17:48:31,32.1
17:48:41,32.1
17:48:51,32.1
17:49:01,32.1
17:49:11,32.2
17:49:21,32.2
17:49:31,32.2
17:49:41,32.2
17:49:51,32.2
17:50:01,32.2
17:50:11,32.2
17:50:21,32.3
17:50:31,32.3
17:50:41,32.3
17:50:51,32.3
17:51:01,32.3
17:51:11,32.3
17:51:21,32.4
17:51:31,32.4
17:51:41,32.4
17:51:51,32.4
17:52:01,32.4
17:52:11,32.4
17:52:21,32.4
17:52:31,32.4
17:52:41,32.4
17:52:51,32.4
17:53:01,32.4
17:53:11,32.4
17:53:21,32.4
17:53:31,32.4
17:53:41,32.4
17:53:51,32.4
17:54:01,32.4
17:54:11,32.4
17:54:21,32.4
17:54:31,32.5
17:54:41,32.5
17:54:51,32.5
17:55:01,32.5
17:55:11,32.5
17:55:21,32.5
17:55:31,32.5
17:55:41,32.5
17:55:51,32.4
17:56:01,32.4
17:56:11,32.4
17:56:21,32.4
17:56:31,32.4
17:56:41,32.4
17:56:51,32.4
17:57:01,32.4
17:57:11,32.4
17:57:21,32.4
17:57:31,32.4
17:57:41,32.4
17:57:51,32.4
17:58:01,32.4
17:58:11,32.4
17:58:21,32.4
17:58:31,32.4
17:58:41,32.4
17:58:51,32.4
17:59:01,32.4
17:59:11,32.4
17:59:21,32.4
17:59:31,32.4
17:59:41,32.4
17:59:51,32.5
18:00:01,32.4
18:00:11,32.5
18:00:21,32.5
18:00:31,32.5
18:00:41,32.5
18:00:51,32.5
18:01:01,32.5
18:01:11,32.5
18:01:21,32.5
18:01:31,32.5
18:01:41,32.5
18:01:51,32.5
18:02:01,32.5
18:02:11,32.5
18:02:21,32.5
18:02:31,32.5
18:02:41,32.5
18:02:51,32.5
18:03:01,32.5
18:03:11,32.5
18:03:21,32.4
18:03:31,32.4
18:03:41,32.4
18:03:51,32.4
18:04:01,32.4
18:04:11,32.4
18:04:21,32.4
18:04:31,32.4
18:04:41,32.4
18:04:51,32.4
18:05:01,32.4
18:05:11,32.4
18:05:21,32.4
18:05:31,32.4
18:05:41,32.4
18:05:51,32.4
18:06:01,32.4
18:06:11,32.4
18:06:21,32.4
18:06:31,32.4
18:06:41,32.4
18:06:51,32.4
18:07:01,32.4
18:07:11,32.4
18:07:21,32.4
18:07:31,32.4
18:07:41,32.4
18:07:51,32.4
18:08:01,32.4
18:08:11,32.4
18:08:21,32.4
18:08:31,32.4
18:08:41,32.4
18:08:51,32.4
18:09:01,32.4
18:09:11,32.4
18:09:21,32.4
18:09:31,32.4
18:09:41,32.4
18:09:51,32.4
18:10:01,32.4
18:10:11,32.4
18:10:21,32.3
18:10:31,32.3
18:10:41,32.3
18:10:51,32.3
18:11:01,32.3
18:11:11,32.3
18:11:21,32.3
18:11:31,32.3
18:11:41,32.3
18:11:51,32.3
18:12:01,32.3
18:12:11,32.2
18:12:21,32.2
18:12:31,32.2
18:12:41,32.2
18:12:51,32.2
18:13:01,32.2
18:13:11,32.2
18:13:21,32.2
18:13:31,32.2
18:13:41,32.2
18:13:51,32.2
18:14:01,32.2
18:14:11,32.2
18:14:21,32.2
18:14:31,32.2
18:14:41,32.2
18:14:51,32.2
18:15:01,32.2
18:15:11,32.2
18:15:21,32.2
18:15:31,32.2
18:15:41,32.2
18:15:51,32.2
18:16:01,32.2
18:16:11,32.2
18:16:21,32.2
18:16:31,32.2
18:16:41,32.2
18:16:51,32.2
18:17:01,32.2
18:17:11,32.2
18:17:21,32.2
18:17:31,32.2
18:17:41,32.2
18:17:51,32.2
18:18:01,32.2
18:18:11,32.2
18:18:21,32.2
18:18:31,32.2
18:18:41,32.2
18:18:51,32.2
