timestamp,sample_duration_hours,semantics,air_temperature_c
2026-03-20T00:00:00-03:00,1.0,sample_hold,1.2
2026-03-20T01:00:00-03:00,1.0,sample_hold,1.1
2026-03-20T02:00:00-03:00,1.0,sample_hold,0.9
2026-03-20T03:00:00-03:00,1.0,sample_hold,0.9
2026-03-20T04:00:00-03:00,1.0,sample_hold,1.1
2026-03-20T05:00:00-03:00,1.0,sample_hold,0.9
2026-03-20T06:00:00-03:00,1.0,sample_hold,0.9
2026-03-20T07:00:00-03:00,1.0,sample_hold,1.0
2026-03-20T08:00:00-03:00,1.0,sample_hold,1.0
2026-03-20T09:00:00-03:00,1.0,sample_hold,0.7
2026-03-20T10:00:00-03:00,1.0,sample_hold,0.7
2026-03-20T11:00:00-03:00,1.0,sample_hold,1.1
2026-03-20T12:00:00-03:00,1.0,sample_hold,1.2
2026-03-20T13:00:00-03:00,1.0,sample_hold,1.4
2026-03-20T14:00:00-03:00,1.0,sample_hold,1.6
2026-03-20T15:00:00-03:00,1.0,sample_hold,1.9
2026-03-20T16:00:00-03:00,1.0,sample_hold,2.0
2026-03-20T17:00:00-03:00,1.0,sample_hold,2.0
2026-03-20T18:00:00-03:00,1.0,sample_hold,2.0
2026-03-20T19:00:00-03:00,1.0,sample_hold,2.1
2026-03-20T20:00:00-03:00,1.0,sample_hold,2.3
2026-03-20T21:00:00-03:00,1.0,sample_hold,2.1
2026-03-20T22:00:00-03:00,1.0,sample_hold,2.3
2026-03-20T23:00:00-03:00,1.0,sample_hold,2.4
