date,min,max,mean
2026-06-01,-28.102999999999998,-18.102999999999998,-22.748833333333334
2026-06-02,-27.503,-18.802999999999997,-22.6905
2026-06-03,-27.102999999999998,-18.403,-22.398833333333332
2026-06-04,-24.903,-19.003,-21.944666666666667
2026-06-05,-24.503,-20.003,-21.244666666666664
2026-06-06,-26.703,-21.203,-23.498833333333334
2026-06-07,-25.403,-21.003,-22.878
2026-06-08,-30.302999999999997,-19.403,-24.711333333333332
2026-06-09,-30.003,-19.203,-23.819666666666663
2026-06-10,-28.003,-19.003,-22.8905
2026-06-11,-24.102999999999998,-18.903,-21.352999999999998
2026-06-12,-24.003,-19.403,-21.540499999999998
2026-06-13,-25.903,-19.602999999999998,-22.257166666666663
2026-06-14,-26.602999999999998,-17.703,-22.1405
2026-06-15,-26.203,-18.602999999999998,-22.17383333333333
2026-06-16,-24.903,-18.302999999999997,-21.69883333333333
2026-06-17,-26.403,-18.102999999999998,-21.707166666666666
2026-06-18,-24.403,-18.602999999999998,-20.807166666666664
2026-06-19,-21.003,-18.003,-19.669666666666668
2026-06-20,-20.703,-18.602999999999998,-19.86133333333333
2026-06-21,-22.802999999999997,-18.903,-20.544666666666664
2026-06-22,-22.802999999999997,-17.802999999999997,-20.557166666666664
2026-06-23,-25.802999999999997,-17.703,-21.490499999999997
2026-06-24,-28.003,-17.802999999999997,-22.169666666666668
2026-06-25,-25.203,-17.203,-20.873833333333334
2026-06-26,-23.003,-15.003,-18.694666666666667
2026-06-27,-22.403,-15.803,-18.915499999999998
2026-06-28,-23.503,-16.802999999999997,-19.53633333333333
2026-06-29,-22.802999999999997,-14.403,-18.4905
2026-06-30,-22.102999999999998,-14.003,-17.536333333333335
2026-07-01,-20.802999999999997,-14.603,-17.369666666666664
2026-07-02,-21.602999999999998,-13.703000000000001,-17.382166666666667
2026-07-03,-20.903,-15.203000000000001,-17.719666666666665
2026-07-04,-21.503,-13.603,-18.028
2026-07-05,-22.802999999999997,-13.403,-17.977999999999998
2026-07-06,-20.503,-14.203000000000001,-17.653
2026-07-07,-19.403,-17.602999999999998,-18.769666666666666
2026-07-08,-21.302999999999997,-17.003,-19.332166666666666
2026-07-09,-25.102999999999998,-15.703000000000001,-20.211333333333332
2026-07-10,-25.003,-14.603,-19.328
2026-07-11,-25.602999999999998,-15.803,-19.794666666666664
2026-07-12,-19.102999999999998,-18.203,-18.7155
2026-07-13,-22.102999999999998,-16.203,-19.123833333333334
2026-07-14,-19.302999999999997,-16.102999999999998,-18.2155
2026-07-15,-19.003,-15.103,-17.523833333333332
2026-07-16,-22.203,-12.903,-17.678
2026-07-17,-22.503,-13.303,-17.394666666666666
2026-07-18,-24.302999999999997,-13.803,-18.057166666666667
2026-07-19,-20.802999999999997,-12.603,-16.6905
2026-07-20,-20.003,-13.403,-16.444666666666667
2026-07-21,-20.503,-12.503,-16.436333333333334
2026-07-22,-18.403,-13.103,-16.290499999999998
2026-07-23,-22.602999999999998,-13.403,-17.944666666666667
2026-07-24,-21.102999999999998,-16.503,-18.752999999999997
2026-07-25,-22.802999999999997,-14.803,-18.178
2026-07-26,-19.302999999999997,-14.403,-16.761333333333333
2026-07-27,-18.102999999999998,-14.503,-16.886333333333333
2026-07-28,-21.203,-15.303,-18.6405
2026-07-29,-24.403,-13.103,-18.78633333333333
2026-07-30,-24.602999999999998,-13.803,-18.494666666666664
2026-07-31,-23.903,-13.403,-18.044666666666668
2026-08-01,-23.802999999999997,-12.903,-17.753
2026-08-02,-24.102999999999998,-12.803,-17.678
2026-08-03,-22.302999999999997,-13.103,-17.557166666666667
2026-08-04,-20.802999999999997,-15.903,-18.6905
2026-08-05,-23.003,-14.803,-18.79883333333333
2026-08-06,-21.602999999999998,-16.102999999999998,-19.1905
2026-08-07,-22.703,-15.903,-19.2155
2026-08-08,-23.903,-15.603,-19.069666666666667
2026-08-09,-21.302999999999997,-13.803,-17.273833333333332
2026-08-10,-18.302999999999997,-13.403,-16.044666666666668
2026-08-11,-18.903,-13.003,-15.757166666666665
2026-08-12,-17.203,-14.003,-15.427999999999999
2026-08-13,-18.003,-13.903,-15.6655
2026-08-14,-18.003,-14.403,-16.477999999999998
2026-08-15,-20.102999999999998,-15.203000000000001,-17.7405
2026-08-16,-25.102999999999998,-14.203000000000001,-19.444666666666667
2026-08-17,-22.703,-13.403,-18.2405
2026-08-18,-22.903,-13.203000000000001,-17.511333333333333
2026-08-19,-21.802999999999997,-12.703000000000001,-16.707166666666666
2026-08-20,-17.903,-12.403,-16.007166666666667
2026-08-21,-22.203,-13.303,-17.194666666666667
2026-08-22,-22.503,-15.103,-18.448833333333333
2026-08-23,-22.903,-19.203,-20.857166666666668
2026-08-24,-24.703,-15.503,-20.97383333333333
2026-08-25,-24.102999999999998,-14.603,-19.694666666666667
2026-08-26,-24.703,-16.303,-20.498833333333334
2026-08-27,-27.403,-15.303,-21.03633333333333
2026-08-28,-26.302999999999997,-13.803,-19.698833333333333
2026-08-29,-23.003,-14.503,-18.4655
2026-08-30,-24.003,-14.003,-18.748833333333334
2026-08-31,-21.602999999999998,-14.103,-17.9655
